name,nDCG@10,AP@100,RR@10,nDCG@10 +,nDCG@10 -,nDCG@10 p-value,nDCG@10 reject,nDCG@10 p-value corrected,AP@100 +,AP@100 -,AP@100 p-value,AP@100 reject,AP@100 p-value corrected,RR@10 +,RR@10 -,RR@10 p-value,RR@10 reject,RR@10 p-value corrected
BM25,0.768,0.727,0.758,926,2655,1.32E-215,TRUE,1.06E-214,987,2834,5.85E-191,TRUE,4.68E-190,694,2099,1.18E-161,TRUE,9.46E-161
BM25 >> Convex,0.841,0.804,0.834,,,,FALSE,,,,,FALSE,,,,,FALSE,
BM25 >> Convex_MM,0.842,0.805,0.836,542,433,0.010300438,FALSE,0.082403507,730,605,0.052122367,FALSE,0.416978935,304,240,0.031674719,FALSE,0.253397753
BM25 >> Convex_Z,0.842,0.805,0.835,707,632,0.224021989,FALSE,1,895,807,0.421276569,FALSE,1,413,384,0.496627569,FALSE,1
BM25 >> Reciprocal,0.828,0.789,0.819,710,1526,3.23E-35,TRUE,2.59E-34,812,1727,7.55E-33,TRUE,6.04E-32,496,1055,2.65E-25,TRUE,2.12E-24
BM25 >> Condorcet,0.821,0.783,0.815,800,1277,2.42E-53,TRUE,1.94E-52,952,1439,1.27E-46,TRUE,1.01E-45,497,850,1.89E-35,TRUE,1.51E-34
BM25 >> ISR,0.824,0.784,0.813,762,1712,9.09E-50,TRUE,7.27E-49,835,1919,1.89E-45,TRUE,1.51E-44,533,1228,1.43E-39,TRUE,1.15E-38
BM25 >> combMNZ,0.820,0.780,0.811,843,1415,9.09E-58,TRUE,7.28E-57,996,1572,7.49E-54,TRUE,5.99E-53,566,988,5.13E-43,TRUE,4.11E-42
