name,nDCG@10,AP@100,RR@10,nDCG@10 +,nDCG@10 -,nDCG@10 p-value,nDCG@10 reject,nDCG@10 p-value corrected,AP@100 +,AP@100 -,AP@100 p-value,AP@100 reject,AP@100 p-value corrected,RR@10 +,RR@10 -,RR@10 p-value,RR@10 reject,RR@10 p-value corrected
BM25,0.42725468721328497,0.37621696079976646,0.38395416922644615,645.0,3395.0,0.0,True,0.0,672.0,3493.0,0.0,True,0.0,612.0,3350.0,0.0,True,0.0
BM25 >> Convex,0.6630998550051619,0.6143387634501517,0.6491366398544625,,,,False,,,,,False,,,,,False,
BM25 >> Convex_MM,0.6700761178192811,0.6227899689611548,0.657160954190658,498.0,233.0,1.604310712432737e-13,True,1.2834485699461895e-12,649.0,306.0,3.3951159579814874e-12,True,2.71609276638519e-11,453.0,213.0,1.4344542789569118e-10,True,1.1475634231655295e-09
BM25 >> Convex_Z,0.6716062106655628,0.6247372421311425,0.6589684563694468,643.0,369.0,1.0199059672787524e-12,True,8.159247738230019e-12,797.0,458.0,7.448540404385243e-12,True,5.958832323508194e-11,590.0,343.0,4.945770892415326e-10,True,3.956616713932261e-09
BM25 >> Reciprocal,0.6630998550051619,0.6143663948617669,0.6491366398544625,0.0,0.0,,False,,121.0,47.0,2.4436332679262748e-11,True,1.9549066143410198e-10,0.0,0.0,,False,
BM25 >> Condorcet,0.5819018744337916,0.5349019783568598,0.5561678786926337,1026.0,1852.0,1.4219577214664478e-102,True,1.1375661771731583e-101,1104.0,1918.0,1.5232001562721661e-80,True,1.2185601250177329e-79,972.0,1814.0,2.4178835970369462e-95,True,1.934306877629557e-94
BM25 >> ISR,0.6216462268726511,0.5630703162204607,0.5904346387019682,542.0,2179.0,3.1344017746395593e-78,True,2.5075214197116474e-77,579.0,2321.0,7.523966513058945e-78,True,6.019173210447156e-77,475.0,2125.0,2.2711964408761283e-92,True,1.8169571527009026e-91
BM25 >> combMNZ,0.5792744447170622,0.5285106237145654,0.5510711190166657,1008.0,1989.0,3.439911217759664e-112,True,2.751928974207731e-111,1077.0,2062.0,5.435512432651772e-93,True,4.3484099461214177e-92,965.0,1923.0,2.7783936388601594e-105,True,2.2227149110881275e-104
