name,nDCG@10,AP@100,RR@10,nDCG@10 +,nDCG@10 -,nDCG@10 p-value,nDCG@10 reject,nDCG@10 p-value corrected,AP@100 +,AP@100 -,AP@100 p-value,AP@100 reject,AP@100 p-value corrected,RR@10 +,RR@10 -,RR@10 p-value,RR@10 reject,RR@10 p-value corrected
BM25,0.6721667420411603,0.626748723422958,0.6324272486772485,39.0,60.0,0.1313036966000252,False,1.0,47.0,73.0,0.13762950184464187,False,1.0,38.0,51.0,0.10046639250096069,False,0.8037311400076855
BM25 >> Convex,0.6882127102487168,0.6444593376315346,0.6529576719576717,,,,False,,,,,False,,,,,False,
BM25 >> Convex_MM,0.6835433039489119,0.642299095660611,0.6498558201058199,19.0,27.0,0.3842317093509091,False,1.0,27.0,41.0,0.7149533920293043,False,1.0,15.0,22.0,0.6294775579082978,False,1.0
BM25 >> Convex_Z,0.6868174610950368,0.6421243688794388,0.6507949735449733,2.0,9.0,0.5782123968223882,False,1.0,10.0,19.0,0.38004750504512996,False,1.0,2.0,7.0,0.46626476563518116,False,1.0
BM25 >> Reciprocal,0.6679082219240949,0.6195906396826071,0.6349814814814814,38.0,45.0,0.031021622955544222,False,0.24817298364435378,48.0,59.0,0.0193455998804064,False,0.1547647990432512,38.0,41.0,0.11884907180363162,False,0.950792574429053
BM25 >> Condorcet,0.6635842317117168,0.6183445412032247,0.6259153439153441,42.0,52.0,0.016053108897867777,False,0.1284248711829422,56.0,65.0,0.026168808243955836,False,0.2093504659516467,37.0,47.0,0.025631484804098287,False,0.2050518784327863
BM25 >> ISR,0.6685243347477855,0.6248306902907044,0.6428558201058201,28.0,59.0,0.025458852817234815,False,0.20367082253787852,34.0,78.0,0.052999693723213746,False,0.42399754978570997,28.0,51.0,0.349756666103317,False,1.0
BM25 >> combMNZ,0.6664280645549246,0.6195734024006322,0.6305357142857143,40.0,48.0,0.02450729384708961,False,0.19605835077671688,51.0,61.0,0.021840088177601163,False,0.1747207054208093,39.0,44.0,0.0648799155164474,False,0.5190393241315792
